{
 "system": "frequency-floor-top200",
 "task": "selection",
 "results": {
  "exact": {
   "n": 2002,
   "mrr": 0.02615637522233927,
   "r_precision": 0.007071887551701853,
   "recall@5": 0.00792268510579611,
   "p@5": 0.006893106893106885,
   "recall@10": 0.012385026793412518,
   "p@10": 0.004745254745254737,
   "recall@50": 0.02765522945122761,
   "p@50": 0.0020279720279720286,
   "recall@200": 0.061374436484620425,
   "p@200": 0.0010664335664335586,
   "per_language_recall": {
    "ara": 0.10050141503629877,
    "chi": 0.09202898550724638,
    "eng": 0.05754180424806775,
    "fre": 0.05232145752338904,
    "ger": 0.045948523560463854,
    "heb": 0.0234375,
    "hin": 0.0,
    "ita": 0.06262766088347484,
    "jpn": 0.10770887166236003,
    "kor": 0.060801080108010795,
    "pol": 0.03446180555555556,
    "por": 0.033718371837183715,
    "rus": 0.061245104102246956,
    "spa": 0.036261081913255826,
    "tur": 0.0
   }
  },
  "root": {
   "n": 2002,
   "mrr": 0.035279548265814205,
   "r_precision": 0.008566060701425331,
   "recall@5": 0.009857260344273326,
   "p@5": 0.007492507492507483,
   "recall@10": 0.02555938483760664,
   "p@10": 0.007992007992007971,
   "recall@50": 0.08514999264250017,
   "p@50": 0.004315684315684277,
   "recall@200": 0.18436887094479482,
   "p@200": 0.002462537462537428,
   "per_language_recall": {
    "ara": 0.2554263565891473,
    "chi": 0.26469979296066254,
    "eng": 0.13242483458466178,
    "fre": 0.1604502738831097,
    "ger": 0.12831416786640668,
    "heb": 0.16413690476190476,
    "hin": 0.0,
    "ita": 0.2008244124523194,
    "jpn": 0.2912144702842377,
    "kor": 0.30273455917020275,
    "pol": 0.1669642857142857,
    "por": 0.1751939479662252,
    "rus": 0.2048703539386769,
    "spa": 0.1301562654047126,
    "tur": 0.044444444444444446
   }
  }
 }
}