{
 "system": "gen-deepseek-chat",
 "task": "generation",
 "results": {
  "exact": {
   "n": 2002,
   "micro": [
    0.14172053704624565,
    0.18192263500574493,
    0.15932468694096602
   ],
   "macro": [
    0.16214886472533993,
    0.23454633597615615,
    0.1723051761160675
   ],
   "per_language": {
    "ara": [
     0.18415841584158416,
     0.1953781512605042,
     0.18960244648318042
    ],
    "chi": [
     0.10766721044045677,
     0.1741424802110818,
     0.13306451612903225
    ],
    "eng": [
     0.1782442748091603,
     0.2622122403144301,
     0.21222449443308336
    ],
    "fre": [
     0.12974683544303797,
     0.18807339449541285,
     0.15355805243445692
    ],
    "ger": [
     0.13448275862068965,
     0.17218543046357615,
     0.1510164569215876
    ],
    "heb": [
     0.1,
     0.08641975308641975,
     0.09271523178807946
    ],
    "hin": [
     0.35714285714285715,
     0.625,
     0.45454545454545453
    ],
    "ita": [
     0.1349206349206349,
     0.14782608695652175,
     0.14107883817427386
    ],
    "jpn": [
     0.13537906137184116,
     0.1681614349775785,
     0.15000000000000002
    ],
    "kor": [
     0.08877284595300261,
     0.08717948717948718,
     0.08796895213454074
    ],
    "pol": [
     0.12605042016806722,
     0.12295081967213115,
     0.12448132780082988
    ],
    "por": [
     0.10038610038610038,
     0.13131313131313133,
     0.11378555798687089
    ],
    "rus": [
     0.12461059190031153,
     0.12461059190031153,
     0.12461059190031153
    ],
    "spa": [
     0.1291390728476821,
     0.16502115655853314,
     0.14489164086687306
    ],
    "tur": [
     0.15789473684210525,
     0.18,
     0.16822429906542055
    ]
   },
   "per_type_recall": {
    "genre": [
     0.03125,
     64
    ],
    "geographic": [
     0.18234323432343233,
     1212
    ],
    "name": [
     0.1819047619047619,
     1050
    ],
    "other": [
     0.0625,
     16
    ],
    "topical": [
     0.19450020072260135,
     4982
    ]
   },
   "cis": {
    "f1": [
     0.15932468694096602,
     0.15121241751306844,
     0.16781075865807504
    ]
   }
  },
  "root": {
   "n": 2002,
   "micro": [
    0.32296124927703873,
    0.46148760330578514,
    0.3799931949642736
   ],
   "macro": [
    0.3710492306564074,
    0.5408284952365872,
    0.4032216160527285
   ],
   "per_language": {
    "ara": [
     0.37610619469026546,
     0.4509283819628647,
     0.4101326899879372
    ],
    "chi": [
     0.29213483146067415,
     0.4785276073619632,
     0.3627906976744186
    ],
    "eng": [
     0.33157199471598414,
     0.5280504908835905,
     0.4073573167433054
    ],
    "fre": [
     0.31158714703018503,
     0.4900459418070444,
     0.380952380952381
    ],
    "ger": [
     0.3350253807106599,
     0.48672566371681414,
     0.396873120865905
    ],
    "heb": [
     0.29508196721311475,
     0.25,
     0.2706766917293233
    ],
    "hin": [
     0.35714285714285715,
     0.625,
     0.45454545454545453
    ],
    "ita": [
     0.3048128342245989,
     0.4081145584725537,
     0.34897959183673466
    ],
    "jpn": [
     0.31905781584582443,
     0.4197183098591549,
     0.3625304136253041
    ],
    "kor": [
     0.3100303951367781,
     0.3333333333333333,
     0.321259842519685
    ],
    "pol": [
     0.3786407766990291,
     0.42857142857142855,
     0.40206185567010305
    ],
    "por": [
     0.2793791574279379,
     0.4117647058823529,
     0.33289299867899597
    ],
    "rus": [
     0.3250883392226148,
     0.38095238095238093,
     0.3508102955195424
    ],
    "spa": [
     0.32470892626131953,
     0.492156862745098,
     0.3912704598597038
    ],
    "tur": [
     0.35294117647058826,
     0.45,
     0.39560439560439564
    ]
   },
   "per_type_recall": {
    "genre": [
     0.15625,
     64
    ],
    "geographic": [
     0.56656346749226,
     323
    ],
    "name": [
     0.3476190476190476,
     840
    ],
    "other": [
     0.3125,
     16
    ],
    "topical": [
     0.49896907216494846,
     2425
    ]
   },
   "cis": {
    "f1": [
     0.3799931949642736,
     0.3696862382700417,
     0.39124387320842247
    ]
   }
  }
 }
}