{
 "system": "retrieval-text-embedding-3-large",
 "task": "selection",
 "results": {
  "exact": {
   "n": 2002,
   "mrr": 0.19102606518056564,
   "r_precision": 0.08332031493869654,
   "recall@5": 0.11504909093570427,
   "p@5": 0.06303696303696357,
   "recall@10": 0.1458215652146719,
   "p@10": 0.04145854145854145,
   "recall@50": 0.2319434131746813,
   "p@50": 0.014075924075923873,
   "recall@200": 0.30071136683274563,
   "p@200": 0.004747752247752238,
   "per_language_recall": {
    "ara": 0.2899747754398917,
    "chi": 0.3249112688553682,
    "eng": 0.4343440696572446,
    "fre": 0.2900425445201565,
    "ger": 0.24538089053014428,
    "heb": 0.12723214285714285,
    "hin": 0.4,
    "ita": 0.24679155900086133,
    "jpn": 0.28556047742094254,
    "kor": 0.24968675438972468,
    "pol": 0.31279761904761905,
    "por": 0.2589287500178589,
    "rus": 0.22344966972296165,
    "spa": 0.1979569429879989,
    "tur": 0.13749999999999998
   }
  },
  "root": {
   "n": 2002,
   "mrr": 0.467451211062809,
   "r_precision": 0.2388351228635935,
   "recall@5": 0.31850828852577084,
   "p@5": 0.15044955044954772,
   "recall@10": 0.38387421075982525,
   "p@10": 0.09470529470529267,
   "recall@50": 0.5415387559493456,
   "p@50": 0.028771228771229108,
   "recall@200": 0.6520802027919912,
   "p@200": 0.009018481518481601,
   "per_language_recall": {
    "ara": 0.6622739018087855,
    "chi": 0.6704377403135167,
    "eng": 0.7318000274263774,
    "fre": 0.6612363866095209,
    "ger": 0.6646507306955068,
    "heb": 0.3894345238095238,
    "hin": 0.8,
    "ita": 0.6045865633074935,
    "jpn": 0.6185400516795866,
    "kor": 0.5729137199434229,
    "pol": 0.5753720238095238,
    "por": 0.6271152115211521,
    "rus": 0.5555062604752046,
    "spa": 0.6453317558907621,
    "tur": 0.48333333333333334
   }
  }
 }
}