{
 "system": "retrieval-text-embedding-3-small",
 "task": "selection",
 "results": {
  "exact": {
   "n": 2002,
   "mrr": 0.1410835362722292,
   "r_precision": 0.06281698515714507,
   "recall@5": 0.08706534474516496,
   "p@5": 0.04795204795204829,
   "recall@10": 0.11676799446529709,
   "p@10": 0.03301698301698323,
   "recall@50": 0.1887132736283579,
   "p@50": 0.011368631368631216,
   "recall@200": 0.25123442574741217,
   "p@200": 0.003933566433566379,
   "per_language_recall": {
    "ara": 0.2182508920881014,
    "chi": 0.22165039929015082,
    "eng": 0.39874811413688305,
    "fre": 0.2491301677868842,
    "ger": 0.21071062712853758,
    "heb": 0.11830357142857142,
    "hin": 0.3333333333333333,
    "ita": 0.22271748492678725,
    "jpn": 0.20630614002707026,
    "kor": 0.18595109510951097,
    "pol": 0.26536458333333335,
    "por": 0.2358964467875359,
    "rus": 0.15091733663162235,
    "spa": 0.16697722567287784,
    "tur": 0.075
   }
  },
  "root": {
   "n": 2002,
   "mrr": 0.3744250848778339,
   "r_precision": 0.1881949205750399,
   "recall@5": 0.2522536432376586,
   "p@5": 0.12037962037961897,
   "recall@10": 0.31758180353335175,
   "p@10": 0.07787212787212655,
   "recall@50": 0.45781598521358796,
   "p@50": 0.023876123876124106,
   "recall@200": 0.5683580641247983,
   "p@200": 0.007707292707292804,
   "per_language_recall": {
    "ara": 0.5215116279069768,
    "chi": 0.5497781721384206,
    "eng": 0.6962640131646611,
    "fre": 0.5817490828684858,
    "ger": 0.5921074365104215,
    "heb": 0.31512896825396824,
    "hin": 0.5333333333333333,
    "ita": 0.5212070874861572,
    "jpn": 0.478359173126615,
    "kor": 0.47845355964167846,
    "pol": 0.5151785714285714,
    "por": 0.5810402468818311,
    "rus": 0.42246623286995955,
    "spa": 0.5653233757271023,
    "tur": 0.38055555555555554
   }
  }
 }
}