{
 "system": "retrieval-embeddinggemma-300m-lcsh-merged-d256",
 "task": "selection",
 "results": {
  "exact": {
   "n": 2002,
   "mrr": 0.2131358344940695,
   "r_precision": 0.09729098740087759,
   "recall@5": 0.13570234848956111,
   "p@5": 0.0726273726273728,
   "recall@10": 0.1729393594528457,
   "p@10": 0.048551448551448335,
   "recall@50": 0.2577259944517681,
   "p@50": 0.015724275724275493,
   "recall@200": 0.32453421814061234,
   "p@200": 0.005154845154845163,
   "per_language_recall": {
    "ara": 0.36513473606496866,
    "chi": 0.3311224489795918,
    "eng": 0.4386317246468434,
    "fre": 0.3089130880175656,
    "ger": 0.2793805558730932,
    "heb": 0.12723214285714285,
    "hin": 0.4,
    "ita": 0.29859726836471023,
    "jpn": 0.3401193552356343,
    "kor": 0.31934336290771936,
    "pol": 0.37876984126984126,
    "por": 0.27426278342119925,
    "rus": 0.22260941267152448,
    "spa": 0.20326564394887378,
    "tur": 0.075
   }
  },
  "root": {
   "n": 2002,
   "mrr": 0.45914171423965044,
   "r_precision": 0.23592913080924988,
   "recall@5": 0.3185373955603723,
   "p@5": 0.1514485514485488,
   "recall@10": 0.38103779198934096,
   "p@10": 0.09415584415584229,
   "recall@50": 0.523238663323579,
   "p@50": 0.02767232767232795,
   "recall@200": 0.6314263797031027,
   "p@200": 0.008751248751248832,
   "per_language_recall": {
    "ara": 0.6770025839793281,
    "chi": 0.6433155871044071,
    "eng": 0.699158353046042,
    "fre": 0.6327541585004272,
    "ger": 0.6421187298052969,
    "heb": 0.3547123015873016,
    "hin": 0.6,
    "ita": 0.5829734219269103,
    "jpn": 0.6064599483204134,
    "kor": 0.6446958981612447,
    "pol": 0.6816964285714285,
    "por": 0.590097938365265,
    "rus": 0.46728778467908905,
    "spa": 0.6416642019126491,
    "tur": 0.5055555555555555
   }
  }
 }
}