{
 "system": "retrieval-embeddinggemma-300m-d256",
 "task": "selection",
 "results": {
  "exact": {
   "n": 2002,
   "mrr": 0.10558779868025381,
   "r_precision": 0.04261938666284323,
   "recall@5": 0.06418670268570369,
   "p@5": 0.03356643356643374,
   "recall@10": 0.0835197561346413,
   "p@10": 0.022727272727272874,
   "recall@50": 0.14329772375476652,
   "p@50": 0.008341658341658243,
   "recall@200": 0.2020326368603085,
   "p@200": 0.003074425574425534,
   "per_language_recall": {
    "ara": 0.17083794758213364,
    "chi": 0.1878438331854481,
    "eng": 0.2969293785168515,
    "fre": 0.22332163414252967,
    "ger": 0.17813869381033562,
    "heb": 0.13020833333333334,
    "hin": 0.4,
    "ita": 0.17975575243017103,
    "jpn": 0.18349944629014395,
    "kor": 0.17336983698369837,
    "pol": 0.25390625,
    "por": 0.15483084022687985,
    "rus": 0.11129843241644483,
    "spa": 0.14553408978874816,
    "tur": 0.0375
   }
  },
  "root": {
   "n": 2002,
   "mrr": 0.31101085377962145,
   "r_precision": 0.1445460425355529,
   "recall@5": 0.2156921707995628,
   "p@5": 0.1007992007992,
   "recall@10": 0.27229745778696735,
   "p@10": 0.06538461538461457,
   "recall@50": 0.40904313108359114,
   "p@50": 0.020949050949051026,
   "recall@200": 0.5229119933790263,
   "p@200": 0.0070079920079920855,
   "per_language_recall": {
    "ara": 0.534108527131783,
    "chi": 0.5384797397219757,
    "eng": 0.62508570742912,
    "fre": 0.5434917763275972,
    "ger": 0.5163964007247589,
    "heb": 0.2972718253968254,
    "hin": 0.6,
    "ita": 0.45902239448751075,
    "jpn": 0.4611757105943152,
    "kor": 0.49622819424799625,
    "pol": 0.5162202380952381,
    "por": 0.4809459517380309,
    "rus": 0.35114364586414276,
    "spa": 0.5382776298925368,
    "tur": 0.32916666666666666
   }
  }
 }
}