{
 "system": "sel-deepseek-chat",
 "task": "generation",
 "results": {
  "exact": {
   "n": 2002,
   "micro": [
    0.115840118430792,
    0.11987744159325929,
    0.11782420478072651
   ],
   "macro": [
    0.13845321345321346,
    0.16440090462318233,
    0.13325493844282332
   ],
   "per_language": {
    "ara": [
     0.12164948453608247,
     0.12394957983193278,
     0.12278876170655567
    ],
    "chi": [
     0.10366826156299841,
     0.17150395778364116,
     0.12922465208747513
    ],
    "eng": [
     0.16125708397733127,
     0.17574396406513196,
     0.16818914562063408
    ],
    "fre": [
     0.1016548463356974,
     0.09862385321100918,
     0.10011641443538999
    ],
    "ger": [
     0.09124537607891492,
     0.08167770419426049,
     0.08619685497961561
    ],
    "heb": [
     0.04225352112676056,
     0.037037037037037035,
     0.039473684210526314
    ],
    "hin": [
     0.2,
     0.375,
     0.26086956521739135
    ],
    "ita": [
     0.09343936381709742,
     0.0817391304347826,
     0.08719851576994433
    ],
    "jpn": [
     0.11296296296296296,
     0.1367713004484305,
     0.12373225152129817
    ],
    "kor": [
     0.10382513661202186,
     0.09743589743589744,
     0.10052910052910054
    ],
    "pol": [
     0.1532258064516129,
     0.1557377049180328,
     0.15447154471544713
    ],
    "por": [
     0.09761904761904762,
     0.10353535353535354,
     0.10049019607843139
    ],
    "rus": [
     0.09247648902821316,
     0.09190031152647975,
     0.09218749999999999
    ],
    "spa": [
     0.09720176730486009,
     0.0930888575458392,
     0.09510086455331412
    ],
    "tur": [
     0.125,
     0.1,
     0.11111111111111112
    ]
   },
   "per_type_recall": {
    "genre": [
     0.0625,
     64
    ],
    "geographic": [
     0.14521452145214522,
     1212
    ],
    "name": [
     0.015238095238095238,
     1050
    ],
    "other": [
     0.125,
     16
    ],
    "topical": [
     0.14351665997591329,
     4982
    ]
   },
   "cis": {
    "f1": [
     0.11782420478072651,
     0.1103751590662066,
     0.12564445354012663
    ]
   }
  },
  "root": {
   "n": 2002,
   "micro": [
    0.30027912443073307,
    0.3378512396694215,
    0.3179590884343159
   ],
   "macro": [
    0.35661005661005657,
    0.4153770277896152,
    0.34487798094118244
   ],
   "per_language": {
    "ara": [
     0.3173076923076923,
     0.35013262599469497,
     0.3329129886506936
    ],
    "chi": [
     0.27325581395348836,
     0.4325153374233129,
     0.334916864608076
    ],
    "eng": [
     0.34344059405940597,
     0.38920056100981765,
     0.3648915187376726
    ],
    "fre": [
     0.32281205164992827,
     0.3445635528330781,
     0.3333333333333333
    ],
    "ger": [
     0.35082458770614694,
     0.34513274336283184,
     0.34795539033457246
    ],
    "heb": [
     0.11267605633802817,
     0.1111111111111111,
     0.11188811188811189
    ],
    "hin": [
     0.26666666666666666,
     0.5,
     0.3478260869565218
    ],
    "ita": [
     0.24941176470588236,
     0.2529832935560859,
     0.25118483412322273
    ],
    "jpn": [
     0.2610619469026549,
     0.3323943661971831,
     0.2924411400247831
    ],
    "kor": [
     0.2621359223300971,
     0.2647058823529412,
     0.2634146341463414
    ],
    "pol": [
     0.30097087378640774,
     0.34065934065934067,
     0.31958762886597936
    ],
    "por": [
     0.28,
     0.3202614379084967,
     0.29878048780487804
    ],
    "rus": [
     0.25314183123877915,
     0.2919254658385093,
     0.2711538461538461
    ],
    "spa": [
     0.27806563039723664,
     0.3156862745098039,
     0.2956841138659321
    ],
    "tur": [
     0.2647058823529412,
     0.225,
     0.24324324324324323
    ]
   },
   "per_type_recall": {
    "genre": [
     0.109375,
     64
    ],
    "geographic": [
     0.39009287925696595,
     323
    ],
    "name": [
     0.03214285714285714,
     840
    ],
    "other": [
     0.4375,
     16
    ],
    "topical": [
     0.41360824742268043,
     2425
    ]
   },
   "cis": {
    "f1": [
     0.3179590884343159,
     0.30644345152360775,
     0.33001232771605865
    ]
   }
  }
 }
}